internal_key,name,seller_name,offer_id,variant_key,option_name,seller_url,source_url,availability,price,shipping_fee,shipping_fee_confidence,installation_service,installation_fee,mattress_included,mattress_price,delivery_days_min,delivery_days_max,scheduled_delivery,width_cm,length_cm,height_cm,bed_size,material,storage_type,under_bed_clearance_cm,has_outlet,has_headboard,colors,storage_capacity,dust_blocking,cleaning_ease,robot_vacuum_fit,carry_difficulty,carry_service_available,self_assembly,assembly_service_available,assembly_people,assembly_tools,disassembly_ease,review_risks,recommended_for,not_recommended_for,data_confidence,source_note,commercial_verified_at,spec_verified_at,status,verified_by,evidence_confidence,evidence_notes,image_url,return_policy_summary,damage_process_summary,warranty_summary,review_sample_count,review_risk_counts,review_verified_at,review_rechecked_count,commercial_source_url,delivery_source_url,spec_source_url,policy_source_url,review_source_url,commercial_confidence,delivery_confidence,spec_confidence,policy_confidence,review_confidence
iloom-HSRE01SS-3W1OS,스쿱 가드형 침대(SS),일룸,HSRE01SS,3W1OS,SS / 3W1OS,https://www.iloom.com/product/detail.do?productCd=HSRE01SS,https://www.iloom.com/product/detail.do?productCd=HSRE01SS,out_of_stock,899000,0,confirmed,included,0,false,,10,10,true,119.6,206.9,95.2,SS,18T PB+HPM 포스트포밍; 스테인프리 패브릭; 18T PB+스펀지; 2T 스틸 프레임,none,,,true,3W1OS,,,,,,,not_possible,true,1,,,,,,confirmed,"2026-07-21 공식 판매처·공식 리뷰 경로 재검수. 공식 페이지 실행 상태가 showYn=N으로 구매 불가이며, JSON-LD에는 리뷰 2건으로 표시되지만 공식 리뷰 목록 API는 0건을 반환해 본문 표본도 확보하지 못했습니다. 공개에서 제외합니다.",2026-07-21,2026-07-21,sold_out,codex-official-source-audit-2026-07-21,confirmed,"공식 페이지 실행 상태가 showYn=N으로 구매 불가이며, JSON-LD에는 리뷰 2건으로 표시되지만 공식 리뷰 목록 API는 0건을 반환해 본문 표본도 확보하지 못했습니다. 공개에서 제외합니다.",,"배송 전일까지 무료 취소. 배송 당일~수령 후 7일 이내에는 품목별 반품비가 부과되며, 설치·조립 또는 비닐 포장 훼손 뒤 단순 변심 반품은 불가합니다(하자 예외).",오염·손상·이상 또는 결함 상품은 반품할 수 있습니다. 공개 페이지에 별도 파손 접수 절차는 없어 일룸 고객센터 1577-5670 확인이 필요합니다.,소비자분쟁해결기준에 따라 1년 무상 A/S가 제공되며 고객 귀책 사유는 제외됩니다.,0,{},2026-07-21,0,https://www.iloom.com/product/detail.do?productCd=HSRE01SS,https://www.iloom.com/product/detail.do?productCd=HSRE01SS,https://www.iloom.com/product/detail.do?productCd=HSRE01SS,https://www.iloom.com/product/detail.do?productCd=HSRE01SS,https://www.iloom.com/review/products/HSRE01SS/list.do?rownum=3&page=1&perPageNum=10&order=a,confirmed,confirmed,confirmed,confirmed,unknown
iloom-HBA411121-CZ,"세르크 수납침대 (SS,매트리스 포함)",일룸,HBA411121,CZ,SS / 헤드형 / CZ / 데일리 라이트 미디엄 SS 매트리스 포함,https://www.iloom.com/product/detail.do?productCd=HBA411121,https://www.iloom.com/product/detail.do?productCd=HBA411121,in_stock,1009000,0,confirmed,included,0,true,,10,10,true,110.5,219.15,98.6,SS,18T PB+LPM 헤드·풋·패널; 15T PB+LPM 서랍·하부·벙커도어; TPU 손잡이; 매트리스 폴리혼방·우레탄폼·독립스프링,drawer,,,true,CZ,large,,,,,,not_possible,true,1,,,,,,confirmed,2026-07-21 공식 판매처·공식 리뷰 경로 재검수. 공식 상품 페이지와 침실 카탈로그 PDF로 축 방향을 교차 확인했습니다. 공식 리뷰 목록 0건을 확인했습니다.,2026-07-21,2026-07-21,public,codex-official-source-audit-2026-07-21,confirmed,공식 상품 페이지와 침실 카탈로그 PDF로 축 방향을 교차 확인했습니다. 공식 리뷰 목록 0건을 확인했습니다.,,"배송 전일까지 무료 취소. 배송 당일~수령 후 7일 이내에는 품목별 반품비가 부과되며, 설치·조립 또는 비닐 포장 훼손 뒤 단순 변심 반품은 불가합니다(하자 예외).",오염·손상·이상 또는 결함 상품은 반품할 수 있습니다. 공개 페이지에 별도 파손 접수 절차는 없어 일룸 고객센터 1577-5670 확인이 필요합니다.,소비자분쟁해결기준에 따라 1년 무상 A/S가 제공되며 고객 귀책 사유는 제외됩니다.,0,{},2026-07-21,0,https://www.iloom.com/product/detail.do?productCd=HBA411121,https://www.iloom.com/product/detail.do?productCd=HBA411121,https://cdn.iloom.com/upload/PDF_Itemlist/bedroom.pdf,https://www.iloom.com/product/detail.do?productCd=HBA411121,https://www.iloom.com/product/detail.do?productCd=HBA411121,confirmed,confirmed,confirmed,confirmed,confirmed
iloom-HSSE270-IVGYM,"링키플러스/로이 다리형 침대 프레임(SS,기본헤드)",일룸,HSSE270,IVGYM,SS / 기본헤드 / IVGYM,https://www.iloom.com/product/detail.do?productCd=HSSE270,https://www.iloom.com/product/detail.do?productCd=HSSE270,in_stock,452000,0,confirmed,included,0,false,,10,10,true,114.9,204.1,91.5,SS,,legs_open,,,true,IVGYM,,,,check_height,,,not_possible,true,1,,,,,,confirmed,"2026-07-21 공식 판매처·공식 리뷰 경로 재검수. 공식 PDF 규격과 공식 리뷰 최근 표본 10건을 확인했고, 허용 위험 코드가 2건 이상 반복되지 않았습니다.",2026-07-21,2026-07-21,public,codex-official-source-audit-2026-07-21,confirmed,"공식 PDF 규격과 공식 리뷰 최근 표본 10건을 확인했고, 허용 위험 코드가 2건 이상 반복되지 않았습니다.",,"배송 전일까지 무료 취소. 배송 당일~수령 후 7일 이내에는 품목별 반품비가 부과되며, 설치·조립 또는 비닐 포장 훼손 뒤 단순 변심 반품은 불가합니다(하자 예외).",오염·손상·이상 또는 결함 상품은 반품할 수 있습니다. 공개 페이지에 별도 파손 접수 절차는 없어 일룸 고객센터 1577-5670 확인이 필요합니다.,소비자분쟁해결기준에 따라 1년 무상 A/S가 제공되며 고객 귀책 사유는 제외됩니다.,10,{},2026-07-21,2,https://www.iloom.com/product/detail.do?productCd=HSSE270,https://www.iloom.com/product/detail.do?productCd=HSSE270,https://cdn.iloom.com/upload/PDF_Itemlist/study.pdf?ver=260102,https://www.iloom.com/product/detail.do?productCd=HSSE270,https://www.iloom.com/review/products/HSSE270/list.do?rownum=3&page=1&perPageNum=10&order=a,confirmed,confirmed,confirmed,confirmed,confirmed
iloom-IBM0021A-SO,"모어 모션베드 다리형 SS (일체형,메모리폼)",일룸,IBM0021A,SO,SS / 일체형 메모리폼 / SO,https://www.iloom.com/product/detail.do?productCd=IBM0021A,https://www.iloom.com/product/detail.do?productCd=IBM0021A,in_stock,2490000,0,confirmed,included,0,true,,10,10,true,128,222.5,88.7,SS,22T PB+LPM 헤드; 28T SPB+LPM 베이스; 애쉬 원목·PP·스틸 다리; 메모리폼 매트리스,legs_open,,,true,SO,,,,check_height,,,not_possible,true,1,,,,,,confirmed,2026-07-21 공식 판매처·공식 리뷰 경로 재검수. 공식 상품 페이지의 가격·재고·설치배송·규격·소재와 공식 리뷰 0건을 확인했습니다.,2026-07-21,2026-07-21,public,codex-official-source-audit-2026-07-21,confirmed,공식 상품 페이지의 가격·재고·설치배송·규격·소재와 공식 리뷰 0건을 확인했습니다.,,"배송 전일까지 무료 취소. 배송 당일~수령 후 7일 이내에는 품목별 반품비가 부과되며, 설치·조립 또는 비닐 포장 훼손 뒤 단순 변심 반품은 불가합니다(하자 예외).",오염·손상·이상 또는 결함 상품은 반품할 수 있습니다. 공개 페이지에 별도 파손 접수 절차는 없어 일룸 고객센터 1577-5670 확인이 필요합니다.,소비자분쟁해결기준에 따라 1년 무상 A/S가 제공되며 고객 귀책 사유는 제외됩니다.,0,{},2026-07-21,0,https://www.iloom.com/product/detail.do?productCd=IBM0021A,https://www.iloom.com/product/detail.do?productCd=IBM0021A,https://www.iloom.com/product/detail.do?productCd=IBM0021A,https://www.iloom.com/product/detail.do?productCd=IBM0021A,https://www.iloom.com/product/detail.do?productCd=IBM0021A,confirmed,confirmed,confirmed,confirmed,confirmed
iloom-HBA501101-SP,바젤 심플리화이트 침대 프레임 SS,일룸,HBA501101,SP,SS / 심플리화이트 SP / 패널 미포함,https://www.iloom.com/product/detail.do?productCd=HBA501101,https://www.iloom.com/product/detail.do?productCd=HBA501101,in_stock,649000,0,confirmed,included,0,false,,10,10,true,114.1,217,110.05,SS,18T PB+LPM 헤드·바닥판·외부프레임; 알루미늄·플라스틱 LED,none,,true,true,SP,,,,,,,not_possible,true,1,,,,,,confirmed,2026-07-21 공식 판매처·공식 리뷰 경로 재검수. 공식 규격과 리뷰 표본 10건을 확인했습니다. 마감 불만 1건은 반복 위험 기준(2건)에 미달합니다.,2026-07-21,2026-07-21,public,codex-official-source-audit-2026-07-21,confirmed,공식 규격과 리뷰 표본 10건을 확인했습니다. 마감 불만 1건은 반복 위험 기준(2건)에 미달합니다.,,"배송 전일까지 무료 취소. 배송 당일~수령 후 7일 이내에는 품목별 반품비가 부과되며, 설치·조립 또는 비닐 포장 훼손 뒤 단순 변심 반품은 불가합니다(하자 예외).",오염·손상·이상 또는 결함 상품은 반품할 수 있습니다. 공개 페이지에 별도 파손 접수 절차는 없어 일룸 고객센터 1577-5670 확인이 필요합니다.,소비자분쟁해결기준에 따라 1년 무상 A/S가 제공되며 고객 귀책 사유는 제외됩니다.,10,"{""finish_poor"":1}",2026-07-21,2,https://www.iloom.com/product/detail.do?productCd=HBA501101,https://www.iloom.com/product/detail.do?productCd=HBA501101,https://www.iloom.com/product/detail.do?productCd=HBA501101,https://www.iloom.com/product/detail.do?productCd=HBA501101,https://www.iloom.com/review/products/HBA501101/list.do?rownum=3&page=1&perPageNum=10&order=a,confirmed,confirmed,confirmed,confirmed,confirmed
livart-P100017510-oak,집속의 작은집 슈퍼싱글침대 프레임,리바트몰,P100017510,oak,슈퍼싱글 / 오크 / 프레임 단품,https://www.hyundailivart.co.kr/p/P100017510,https://www.hyundailivart.co.kr/p/P100017510,in_stock,573000,0,confirmed,included,0,false,,4,5,true,114.1,204.9,120,SS,,none,,,true,오크,,,,,,,not_possible,true,1,,,,,,confirmed,2026-07-21 공식 판매처·공식 리뷰 경로 재검수. 리바트 공식 상품 정보와 공식 VReview 본문 2건을 전부 확인했습니다.,2026-07-21,2026-07-21,public,codex-official-source-audit-2026-07-21,confirmed,리바트 공식 상품 정보와 공식 VReview 본문 2건을 전부 확인했습니다.,,"수령 후 7일 이내 교환·반품을 신청할 수 있습니다. 설치·조립 후 단순 변심 반품은 제한될 수 있고 고객 부담 비용이 발생하며, 하자 상품은 예외입니다.",파손·오배송·하자는 판매처 고객센터를 통해 접수하며 상품 상태 확인 후 교환·반품 절차가 진행됩니다.,"리바트몰 회원 구매 상품은 공식 안내에 따른 3년 품질보증 대상이며, 비회원 구매 등 제외 조건은 구매 전 확인해야 합니다.",2,{},2026-07-21,2,https://www.hyundailivart.co.kr/p/P100017510,https://www.hyundailivart.co.kr/p/P100017510,https://www.hyundailivart.co.kr/p/P100017510,https://www.hyundailivart.co.kr/p/P100017510,https://one.vreview.tv/api/embed/v2/e5bae7ba-09eb-467d-ba16-94497293d48e/reviews?product_remote_id=P100017510,confirmed,confirmed,confirmed,confirmed,confirmed
livart-P100026884-natural,"꼼므 주니어 수납 슈퍼싱글침대(매트, 가드 별도)",리바트몰,P100026884,natural,슈퍼싱글 / 내추럴 / 매트리스·가드 별도,https://www.hyundailivart.co.kr/p/P100026884,https://www.hyundailivart.co.kr/p/P100026884,in_stock,490000,0,confirmed,included,0,false,,4,5,true,115,205.5,,SS,PB+LPM,drawer,,,,내추럴,,,,,,,not_possible,true,1,,,,,,confirmed,2026-07-21 공식 판매처·공식 리뷰 경로 재검수. 구매 가능한 공식 옵션과 공식 VReview 최신 표본 10건을 확인했습니다.,2026-07-21,2026-07-21,public,codex-official-source-audit-2026-07-21,confirmed,구매 가능한 공식 옵션과 공식 VReview 최신 표본 10건을 확인했습니다.,,"수령 후 7일 이내 교환·반품을 신청할 수 있습니다. 설치·조립 후 단순 변심 반품은 제한될 수 있고 고객 부담 비용이 발생하며, 하자 상품은 예외입니다.",파손·오배송·하자는 판매처 고객센터를 통해 접수하며 상품 상태 확인 후 교환·반품 절차가 진행됩니다.,"리바트몰 회원 구매 상품은 공식 안내에 따른 3년 품질보증 대상이며, 비회원 구매 등 제외 조건은 구매 전 확인해야 합니다.",10,{},2026-07-21,2,https://www.hyundailivart.co.kr/p/P100026884,https://www.hyundailivart.co.kr/p/P100026884,https://www.hyundailivart.co.kr/p/P100026884,https://www.hyundailivart.co.kr/p/P100026884,https://one.vreview.tv/api/embed/v2/e5bae7ba-09eb-467d-ba16-94497293d48e/reviews?product_remote_id=P100026884,confirmed,confirmed,confirmed,confirmed,confirmed
livart-P200199572-ss-white,레브 침대 프레임 화이트 SS(터치조명 포함),리바트몰,P200199572,ss-white,SS / 화이트 / 터치조명 포함,https://www.hyundailivart.co.kr/p/P200199572,https://www.hyundailivart.co.kr/p/P200199572,in_stock,795000,0,confirmed,included,0,false,,4,5,true,114,215.4,105,SS,PB+LPM,closed_base,,true,true,화이트,,,,,,,not_possible,true,1,,,,,,confirmed,"2026-07-21 공식 판매처·공식 리뷰 경로 재검수. 공식 규격과 하부 막힘 구조, 공식 VReview 최신 표본 10건을 확인했습니다.",2026-07-21,2026-07-21,public,codex-official-source-audit-2026-07-21,confirmed,"공식 규격과 하부 막힘 구조, 공식 VReview 최신 표본 10건을 확인했습니다.",,"수령 후 7일 이내 교환·반품을 신청할 수 있습니다. 설치·조립 후 단순 변심 반품은 제한될 수 있고 고객 부담 비용이 발생하며, 하자 상품은 예외입니다.",파손·오배송·하자는 판매처 고객센터를 통해 접수하며 상품 상태 확인 후 교환·반품 절차가 진행됩니다.,"리바트몰 회원 구매 상품은 공식 안내에 따른 3년 품질보증 대상이며, 비회원 구매 등 제외 조건은 구매 전 확인해야 합니다.",10,{},2026-07-21,2,https://www.hyundailivart.co.kr/p/P200199572,https://www.hyundailivart.co.kr/p/P200199572,https://www.hyundailivart.co.kr/p/P200199572,https://www.hyundailivart.co.kr/p/P200199572,https://one.vreview.tv/api/embed/v2/e5bae7ba-09eb-467d-ba16-94497293d48e/reviews?product_remote_id=P200199572,confirmed,confirmed,confirmed,confirmed,confirmed
livart-P200183576-ss-sand,리버서블 슈퍼싱글 침대 프레임 슬림형,리바트몰,P200183576,ss-sea-trench-sand,SS / 시 트렌치 소프트 샌드(베이지),https://www.hyundailivart.co.kr/p/P200183576,https://www.hyundailivart.co.kr/p/P200183576,in_stock,617000,0,confirmed,included,0,false,,4,5,true,113.4,213,,SS,기능성 패브릭/인조가죽/고탄성 스펀지,none,,,true,시 트렌치 소프트 샌드,,,,,,,not_possible,true,1,,,,,,confirmed,2026-07-21 공식 판매처·공식 리뷰 경로 재검수. 공식 VReview 본문 9건을 전부 확인했고 냄새·배송지연은 각각 1건으로 반복 기준 미달입니다.,2026-07-21,2026-07-21,public,codex-official-source-audit-2026-07-21,confirmed,공식 VReview 본문 9건을 전부 확인했고 냄새·배송지연은 각각 1건으로 반복 기준 미달입니다.,,"수령 후 7일 이내 교환·반품을 신청할 수 있습니다. 설치·조립 후 단순 변심 반품은 제한될 수 있고 고객 부담 비용이 발생하며, 하자 상품은 예외입니다.",파손·오배송·하자는 판매처 고객센터를 통해 접수하며 상품 상태 확인 후 교환·반품 절차가 진행됩니다.,"리바트몰 회원 구매 상품은 공식 안내에 따른 3년 품질보증 대상이며, 비회원 구매 등 제외 조건은 구매 전 확인해야 합니다.",9,"{""smell"":1,""delivery_delay"":1}",2026-07-21,2,https://www.hyundailivart.co.kr/p/P200183576,https://www.hyundailivart.co.kr/p/P200183576,https://www.hyundailivart.co.kr/p/P200183576,https://www.hyundailivart.co.kr/p/P200183576,https://one.vreview.tv/api/embed/v2/e5bae7ba-09eb-467d-ba16-94497293d48e/reviews?product_remote_id=P200183576,confirmed,confirmed,confirmed,confirmed,confirmed
hanssem-411763-ss-drawer-color-unverified,샘베딩 플레인 침대 SS 슈퍼싱글 서랍형(매트별도),한샘몰,411763,ss-drawer-color-unverified,SS / 서랍형 / 색상 미확인,https://store.hanssem.com/goods/411763,https://store.hanssem.com/goods/411763,in_stock,349900,0,confirmed,included,0,false,,1,10,true,116,206.2,91.2,SS,E0 등급 자재; 메이플 우드결 또는 화이트 표면재,drawer,,,,메이플|화이트,,,,,,,not_possible,true,1,,,,,,confirmed,2026-07-21 공식 판매처·공식 리뷰 경로 재검수. 공식 상품·배송 API·리뷰 최신 표본 10건을 확인했습니다.,2026-07-21,2026-07-21,public,codex-official-source-audit-2026-07-21,confirmed,공식 상품·배송 API·리뷰 최신 표본 10건을 확인했습니다.,,단순 변심은 수령 후 7일 이내 반품 비용을 부담해 신청할 수 있습니다. 설치·개봉 상품은 상품별 회수·추가 비용이 생길 수 있고 침대는 추가 비용 조건이 있습니다.,별도 파손 접수 절차는 공개 페이지에 명시되지 않았습니다. 표시·광고와 다르면 수령 후 3개월 또는 안 날부터 30일 이내 교환·반품을 청구하고 A/S 1588-0900으로 접수합니다.,상품 하자에 대해 구입일로부터 1년간 무상 A/S가 제공되며 고객 귀책은 유상 처리됩니다.,10,{},2026-07-21,2,https://store.hanssem.com/goods/411763,https://gateway.hanssem.com/hanssem/goods-service/api/v1/goods/411763/delivery,https://store.hanssem.com/goods/411763,https://image2.hanssem.com/howiz/policy/00_return_hs.jpg,https://store.hanssem.com/goods/411763,confirmed,confirmed,confirmed,confirmed,confirmed
hanssem-411762-ss-standard-color-unverified,샘베딩 플레인 침대 SS 슈퍼싱글 일반형(매트별도),한샘몰,411762,ss-standard-color-unverified,SS / 일반형 / 색상 미확인,https://store.hanssem.com/goods/411762,https://store.hanssem.com/goods/411762,in_stock,252900,0,confirmed,included,0,false,,1,10,true,116,206.2,91.2,SS,E0 등급 자재; 메이플 우드결 또는 화이트 표면재,none,,,,메이플|화이트,,,,,,,not_possible,true,1,,,,,,confirmed,2026-07-21 공식 판매처·공식 리뷰 경로 재검수. 공식 리뷰 표본의 마감 불만 1건은 반복 위험 기준에 미달합니다.,2026-07-21,2026-07-21,public,codex-official-source-audit-2026-07-21,confirmed,공식 리뷰 표본의 마감 불만 1건은 반복 위험 기준에 미달합니다.,,단순 변심은 수령 후 7일 이내 반품 비용을 부담해 신청할 수 있습니다. 설치·개봉 상품은 상품별 회수·추가 비용이 생길 수 있고 침대는 추가 비용 조건이 있습니다.,별도 파손 접수 절차는 공개 페이지에 명시되지 않았습니다. 표시·광고와 다르면 수령 후 3개월 또는 안 날부터 30일 이내 교환·반품을 청구하고 A/S 1588-0900으로 접수합니다.,상품 하자에 대해 구입일로부터 1년간 무상 A/S가 제공되며 고객 귀책은 유상 처리됩니다.,10,"{""finish_poor"":1}",2026-07-21,2,https://store.hanssem.com/goods/411762,https://gateway.hanssem.com/hanssem/goods-service/api/v1/goods/411762/delivery,https://store.hanssem.com/goods/411762,https://image2.hanssem.com/howiz/policy/00_return_hs.jpg,https://store.hanssem.com/goods/411762,confirmed,confirmed,confirmed,confirmed,confirmed
hanssem-505285-ss-front-storage-color-unverified,샘베딩 플레인 전면수납 침대 SS(매트별도),한샘몰,505285,ss-front-storage-color-unverified,SS / 전면수납형 / 색상 미확인,https://store.hanssem.com/goods/505285,https://store.hanssem.com/goods/505285,in_stock,359900,0,confirmed,included,0,false,,1,10,true,116,220.4,100.4,SS,E0 등급 자재; 메이플 우드결 또는 화이트 표면재,none,,true,,메이플|화이트,,,,,,,not_possible,true,1,,,,,,confirmed,2026-07-21 공식 판매처·공식 리뷰 경로 재검수. 헤드 수납은 확인했으나 침대 하부 수납은 없는 옵션입니다. 공식 리뷰 표본 10건을 확인했습니다.,2026-07-21,2026-07-21,public,codex-official-source-audit-2026-07-21,confirmed,헤드 수납은 확인했으나 침대 하부 수납은 없는 옵션입니다. 공식 리뷰 표본 10건을 확인했습니다.,,단순 변심은 수령 후 7일 이내 반품 비용을 부담해 신청할 수 있습니다. 설치·개봉 상품은 상품별 회수·추가 비용이 생길 수 있고 침대는 추가 비용 조건이 있습니다.,별도 파손 접수 절차는 공개 페이지에 명시되지 않았습니다. 표시·광고와 다르면 수령 후 3개월 또는 안 날부터 30일 이내 교환·반품을 청구하고 A/S 1588-0900으로 접수합니다.,상품 하자에 대해 구입일로부터 1년간 무상 A/S가 제공되며 고객 귀책은 유상 처리됩니다.,10,{},2026-07-21,2,https://store.hanssem.com/goods/505285,https://gateway.hanssem.com/hanssem/goods-service/api/v1/goods/505285/delivery,https://store.hanssem.com/goods/505285,https://image2.hanssem.com/howiz/policy/00_return_hs.jpg,https://store.hanssem.com/goods/505285,confirmed,confirmed,confirmed,confirmed,confirmed
hanssem-724132-ss-type-a-natural-oak,호텔침대 포엠 침대 SS(매트별도),한샘몰,724132,ss-type-a-natural-oak,SS 기본형 / A형 내추럴오크 / 매트리스 별도,https://mall.hanssem.com/goods/goodsDetailMall.do?gdsNo=724132,https://mall.hanssem.com/goods/goodsDetailMall.do?gdsNo=724132,in_stock,369000,0,confirmed,included,0,false,,1,10,true,116,214.7,91.2,SS,E0 등급 목대 프레임; LPM 선함침지,none,,true,true,내추럴오크|코튼그레이,,,,,,,not_possible,true,1,,,,,,confirmed,2026-07-21 공식 판매처·공식 리뷰 경로 재검수. 하부 서랍은 별도 상품이고 대상 옵션에는 포함되지 않습니다. 공식 리뷰 표본 10건을 확인했습니다.,2026-07-21,2026-07-21,public,codex-official-source-audit-2026-07-21,confirmed,하부 서랍은 별도 상품이고 대상 옵션에는 포함되지 않습니다. 공식 리뷰 표본 10건을 확인했습니다.,,단순 변심은 수령 후 7일 이내 반품 비용을 부담해 신청할 수 있습니다. 설치·개봉 상품은 상품별 회수·추가 비용이 생길 수 있고 침대는 추가 비용 조건이 있습니다.,별도 파손 접수 절차는 공개 페이지에 명시되지 않았습니다. 표시·광고와 다르면 수령 후 3개월 또는 안 날부터 30일 이내 교환·반품을 청구하고 A/S 1588-0900으로 접수합니다.,상품 하자에 대해 구입일로부터 1년간 무상 A/S가 제공되며 고객 귀책은 유상 처리됩니다.,10,{},2026-07-21,2,https://mall.hanssem.com/goods/goodsDetailMall.do?gdsNo=724132,https://gateway.hanssem.com/hanssem/goods-service/api/v1/goods/724132/delivery,https://mall.hanssem.com/goods/goodsDetailMall.do?gdsNo=724132,https://image2.hanssem.com/howiz/policy/00_return_hs.jpg,https://mall.hanssem.com/goods/goodsDetailMall.do?gdsNo=724132,confirmed,confirmed,confirmed,confirmed,confirmed
zinus-1000000217-ss-no-install,폴 침대 프레임,지누스,1000000217,ss-no-install,SS / 설치배송 미신청(택배),https://www.zinus.co.kr/goods/goods_view.php?goodsNo=1000000217,https://www.zinus.co.kr/goods/goods_view.php?goodsNo=1000000217,out_of_stock,205000,0,confirmed,none,0,false,,1,3,false,113,206,105,SS,분체도장 메탈 프레임; 아카시아 원목 패널; 합판 슬랫,legs_open,30.6,,,,,,,ok,,,easy,false,1,기본 조립 공구 동봉,,,,,confirmed,2026-07-21 공식 판매처·공식 리뷰 경로 재검수. 공식 옵션 API에서 SS 미설치 옵션 재고 0과 판매 불가 상태를 확인해 품절로 제외합니다.,2026-07-21,2026-07-21,sold_out,codex-official-source-audit-2026-07-21,confirmed,공식 옵션 API에서 SS 미설치 옵션 재고 0과 판매 불가 상태를 확인해 품절로 제외합니다.,,"수령 후 7일 이내 신청할 수 있습니다. 단순 변심은 상품별 왕복 반품비가 부과되고, 조립 완료 프레임·훼손·포장 분실 상품은 반품이 제한됩니다.",하자·불량 교환/반품 배송비는 판매처가 부담합니다. 설치 불가 또는 고객 귀책 미설치 회수 비용은 고객 부담입니다.,제조상 결함에 대해 구입일로부터 5년 품질보증이 제공됩니다.,0,{},2026-07-21,0,https://www.zinus.co.kr/goods/goods_view.php?goodsNo=1000000217,https://www.zinus.co.kr/goods/goods_view.php?goodsNo=1000000217,https://www.zinus.co.kr/goods/goods_view.php?goodsNo=1000000217,https://www.zinus.co.kr/goods/goods_view.php?goodsNo=1000000217,https://www.zinus.co.kr/goods/goods_view.php?goodsNo=1000000217,confirmed,confirmed,confirmed,confirmed,confirmed
zinus-1000001084-min-option-unverified,루미 선반형 수납침대 프레임,지누스,1000001084,ss-regular-cream-white,크림화이트 / 일반형 / SS / 수도권·지방 설치배송,https://www.zinus.co.kr/goods/goods_view.php?goodsNo=1000001084,https://www.zinus.co.kr/goods/goods_view.php?goodsNo=1000001084,in_stock,499000,0,confirmed,included,0,false,,3,10,true,116,235.5,105,SS,PB+LPM+PP,closed_base,,,,크림화이트|내추럴오크,,,,,,,not_possible,true,1,,,,,,confirmed,"2026-07-21 공식 판매처·공식 리뷰 경로 재검수. 공식 옵션 API 재고 999인 특정 SS 일반형 조합으로 고정하고, 공식 상세 이미지와 리뷰 10건을 확인했습니다.",2026-07-21,2026-07-21,public,codex-official-source-audit-2026-07-21,confirmed,"공식 옵션 API 재고 999인 특정 SS 일반형 조합으로 고정하고, 공식 상세 이미지와 리뷰 10건을 확인했습니다.",,"수령 후 7일 이내 신청할 수 있습니다. 단순 변심은 상품별 왕복 반품비가 부과되고, 조립 완료 프레임·훼손·포장 분실 상품은 반품이 제한됩니다.",하자·불량 교환/반품 배송비는 판매처가 부담합니다. 설치 불가 또는 고객 귀책 미설치 회수 비용은 고객 부담입니다.,공식 상품 페이지에 고정 보증기간이 별도로 고지되지 않아 구매 전 고객센터 확인이 필요합니다.,10,{},2026-07-21,2,https://www.zinus.co.kr/goods/goods_view.php?goodsNo=1000001084,https://www.zinus.co.kr/goods/goods_view.php?goodsNo=1000001084,https://remaster.speedgabia.com/zinus/frame/rbf/rbf11.jpg,https://www.zinus.co.kr/goods/goods_view.php?goodsNo=1000001084,https://www.zinus.co.kr/goods/goods_view.php?goodsNo=1000001084,confirmed,confirmed,confirmed,confirmed,confirmed
zinus-1000001082-min-option-unverified,루미 슬림 헤드보드형 수납침대 프레임,지누스,1000001082,ss-regular-cream-white,크림화이트 / 일반형 / SS / 수도권·지방 설치배송,https://www.zinus.co.kr/goods/goods_view.php?goodsNo=1000001082,https://www.zinus.co.kr/goods/goods_view.php?goodsNo=1000001082,in_stock,374000,0,confirmed,included,0,false,,3,10,true,116,208.1,102,SS,PB+LPM+PP,closed_base,,,true,크림화이트|내추럴오크,,,,,,,not_possible,true,1,,,drawer_awkward,,,confirmed,2026-07-21 공식 판매처·공식 리뷰 경로 재검수. 공식 옵션 API 재고 99인 특정 SS 일반형 조합으로 고정했습니다. 리뷰 표본에서 수납 조작 불편이 2건 반복됐습니다.,2026-07-21,2026-07-21,public,codex-official-source-audit-2026-07-21,confirmed,공식 옵션 API 재고 99인 특정 SS 일반형 조합으로 고정했습니다. 리뷰 표본에서 수납 조작 불편이 2건 반복됐습니다.,,"수령 후 7일 이내 신청할 수 있습니다. 단순 변심은 상품별 왕복 반품비가 부과되고, 조립 완료 프레임·훼손·포장 분실 상품은 반품이 제한됩니다.",하자·불량 교환/반품 배송비는 판매처가 부담합니다. 설치 불가 또는 고객 귀책 미설치 회수 비용은 고객 부담입니다.,공식 상품 페이지에 고정 보증기간이 별도로 고지되지 않아 구매 전 고객센터 확인이 필요합니다.,10,"{""drawer_awkward"":2}",2026-07-21,2,https://www.zinus.co.kr/goods/goods_view.php?goodsNo=1000001082,https://www.zinus.co.kr/goods/goods_view.php?goodsNo=1000001082,https://remaster.speedgabia.com/zinus/frame/rbf/rbf11.jpg,https://www.zinus.co.kr/goods/goods_view.php?goodsNo=1000001082,https://www.zinus.co.kr/goods/goods_view.php?goodsNo=1000001082,confirmed,confirmed,confirmed,confirmed,confirmed
ace-BRA1432-ss-regular-oak,BRA1432 프레임,에이스침대,BRA1432,ss-regular-oak,SS / 레귤러오크 / 프레임,https://acebedmall.co.kr/front/goods/goodsDetail.do?goodsNo=G2202221008_2340,https://acebedmall.co.kr/front/goods/goodsDetail.do?goodsNo=G2202221008_2340,in_stock,543720,0,confirmed,included,0,false,,10,15,true,114,209.9,89.8,SS,MDF,none,,,true,레귤러오크,,,,,,,not_possible,true,1,,,,,,confirmed,2026-07-21 공식 판매처·공식 리뷰 경로 재검수. 공식몰 판매중 상태·필수정보·배송/정책 이미지와 판매 SKU 리뷰 2건을 확인했습니다.,2026-07-21,2026-07-21,public,codex-official-source-audit-2026-07-21,confirmed,공식몰 판매중 상태·필수정보·배송/정책 이미지와 판매 SKU 리뷰 2건을 확인했습니다.,,수령 후 7일 이내 교환·반품할 수 있으며 단순 변심 비용은 고객 부담입니다. 설치 상품의 회수 가능 여부와 비용은 고객센터 확인이 필요합니다.,제품 하자나 오배송의 교환·반품 비용은 판매처가 부담하며 에이스침대 고객센터 1599-7121로 접수합니다.,"제품 결함은 구입일로부터 1년간 무상 A/S 대상이며, 이후에는 소비자분쟁해결기준에 따라 처리됩니다.",2,{},2026-07-21,1,https://acebedmall.co.kr/front/goods/goodsDetail.do?goodsNo=G2202221008_2340,https://acebedmall.co.kr/front/img/product/delivery-detail.jpg,https://acebedmall.co.kr/front/goods/goodsDetail.do?goodsNo=G2202221008_2340,https://acebedmall.co.kr/front/img/product/delivery-detail.jpg,https://acebedmall.co.kr/front/review/ajaxReviewList.do?goodsNo=G2202221008_2340&pageGb=admin&page=1,confirmed,confirmed,confirmed,confirmed,confirmed
ace-BRA1437-ss-walnut-natural,BRA1437 프레임,에이스침대,BRA1437,ss-walnut-natural,SS / 월넛내추럴 / 프레임,https://acebedmall.co.kr/front/goods/goodsDetail.do?goodsNo=G1707191227_1004,https://acebedmall.co.kr/front/goods/goodsDetail.do?goodsNo=G1707191227_1004,in_stock,877680,0,confirmed,included,0,false,,10,15,true,114,213.3,100.8,SS,MDF+무늬목,none,,,true,월넛내추럴,,,,,,,not_possible,true,1,,,,,,confirmed,2026-07-21 공식 판매처·공식 리뷰 경로 재검수. 공식몰 판매중 상태·필수정보·배송/정책 이미지와 판매 SKU 리뷰 0건을 확인했습니다.,2026-07-21,2026-07-21,public,codex-official-source-audit-2026-07-21,confirmed,공식몰 판매중 상태·필수정보·배송/정책 이미지와 판매 SKU 리뷰 0건을 확인했습니다.,,수령 후 7일 이내 교환·반품할 수 있으며 단순 변심 비용은 고객 부담입니다. 설치 상품의 회수 가능 여부와 비용은 고객센터 확인이 필요합니다.,제품 하자나 오배송의 교환·반품 비용은 판매처가 부담하며 에이스침대 고객센터 1599-7121로 접수합니다.,"제품 결함은 구입일로부터 1년간 무상 A/S 대상이며, 이후에는 소비자분쟁해결기준에 따라 처리됩니다.",0,{},2026-07-21,0,https://acebedmall.co.kr/front/goods/goodsDetail.do?goodsNo=G1707191227_1004,https://acebedmall.co.kr/front/img/product/delivery-detail.jpg,https://acebedmall.co.kr/front/goods/goodsDetail.do?goodsNo=G1707191227_1004,https://acebedmall.co.kr/front/img/product/delivery-detail.jpg,https://acebedmall.co.kr/front/review/ajaxReviewList.do?goodsNo=G1707191227_1004&pageGb=admin&page=1,confirmed,confirmed,confirmed,confirmed,confirmed
sofsys-6117-ss-white,심플 침대 프레임 SS/Q,소프시스,6117,ss-white,(화)심플침대프레임 SS,https://sofsys.co.kr/product/detail.html?product_no=6117,https://sofsys.co.kr/product/detail.html?product_no=6117,out_of_stock,110900,0,confirmed,paid,30000,false,,1,3,false,110,203,18.5,SS,소나무 슬랫+분체도장 스틸,legs_open,18.5,,,화이트,,,,,,,easy,true,1,,,,,,confirmed,2026-07-21 공식 판매처·공식 리뷰 경로 재검수. 공식 옵션 선택에서 SS는 품절이고 Q만 구매 가능해 공개에서 제외합니다. 공식 리뷰 6건을 확인했습니다.,2026-07-21,2026-07-21,sold_out,codex-official-source-audit-2026-07-21,confirmed,공식 옵션 선택에서 SS는 품절이고 Q만 구매 가능해 공개에서 제외합니다. 공식 리뷰 6건을 확인했습니다.,,전자상거래법과 소비자분쟁해결기준에 따라 수령 후 7일 이내 교환·반품할 수 있으며 단순 변심 비용은 고객 부담입니다. 조립·훼손 상품은 제한될 수 있습니다.,파손·누락·불량은 사진 등 증빙과 함께 소프시스 고객센터 1644-2733으로 접수합니다.,공식 페이지에 고정 무상 보증기간이 별도로 게시되지 않아 소비자분쟁해결기준 적용 범위와 A/S 비용을 구매 전 확인해야 합니다.,6,{},2026-07-21,2,https://sofsys.co.kr/product/detail.html?product_no=6117,https://sofsys.co.kr/product/detail.html?product_no=6117,https://sofsys.co.kr/product/detail.html?product_no=6117,https://sofsys.co.kr/product/detail.html?product_no=6117,https://sofsys.co.kr/product/detail.html?product_no=6117,confirmed,confirmed,confirmed,confirmed,confirmed
sofsys-6910-ss-oak-platform,E0등급 포근 저상형 우드 침대 프레임 SS/Q 평상형,소프시스,6910,ss-oak-platform,(오크)포근저상형우드침대 SS,https://sofsys.co.kr/product/detail.html?product_no=6910,https://sofsys.co.kr/product/detail.html?product_no=6910,in_stock,142900,20000,confirmed,none,0,false,,3,7,false,110.5,204,9,SS,소나무+E0 PB+LPM,closed_base,,,,오크,,,,,,,easy,false,1,,,,,,confirmed,2026-07-21 공식 판매처·공식 리뷰 경로 재검수. 공식 상품 규격·SS 재고·배송 조건과 공식 리뷰 0건을 확인했습니다.,2026-07-21,2026-07-21,public,codex-official-source-audit-2026-07-21,confirmed,공식 상품 규격·SS 재고·배송 조건과 공식 리뷰 0건을 확인했습니다.,,전자상거래법과 소비자분쟁해결기준에 따라 수령 후 7일 이내 교환·반품할 수 있으며 단순 변심 비용은 고객 부담입니다. 조립·훼손 상품은 제한될 수 있습니다.,파손·누락·불량은 사진 등 증빙과 함께 소프시스 고객센터 1644-2733으로 접수합니다.,공식 페이지에 고정 무상 보증기간이 별도로 게시되지 않아 소비자분쟁해결기준 적용 범위와 A/S 비용을 구매 전 확인해야 합니다.,0,{},2026-07-21,0,https://sofsys.co.kr/product/detail.html?product_no=6910,https://sofsys.co.kr/product/detail.html?product_no=6910,https://sofsys.co.kr/product/detail.html?product_no=6910,https://sofsys.co.kr/product/detail.html?product_no=6910,https://sofsys.co.kr/product/detail.html?product_no=6910,confirmed,confirmed,confirmed,confirmed,confirmed
sofsys-6827-ss-organic-set,포근 슬립 오가닉 침대 세트 SS/Q (프레임+매트리스),소프시스,6827,ss-organic-set,오가닉매트리스SS + 침대프레임SS,https://sofsys.co.kr/product/detail.html?product_no=6827,https://sofsys.co.kr/product/detail.html?product_no=6827,in_stock,346900,30000,confirmed,none,0,true,,1,3,false,110,203,39,SS,소나무 슬랫+분체도장 스틸 프레임; 오가닉 SS 매트리스,legs_open,,,,,,,,,,,easy,false,1,,,,,,confirmed,2026-07-21 공식 판매처·공식 리뷰 경로 재검수. 오가닉 매트리스 SS+심플 프레임 SS 조합을 공식 옵션에서 고정했고 공식 리뷰 0건을 확인했습니다.,2026-07-21,2026-07-21,public,codex-official-source-audit-2026-07-21,confirmed,오가닉 매트리스 SS+심플 프레임 SS 조합을 공식 옵션에서 고정했고 공식 리뷰 0건을 확인했습니다.,,전자상거래법과 소비자분쟁해결기준에 따라 수령 후 7일 이내 교환·반품할 수 있으며 단순 변심 비용은 고객 부담입니다. 조립·훼손 상품은 제한될 수 있습니다.,파손·누락·불량은 사진 등 증빙과 함께 소프시스 고객센터 1644-2733으로 접수합니다.,공식 페이지에 고정 무상 보증기간이 별도로 게시되지 않아 소비자분쟁해결기준 적용 범위와 A/S 비용을 구매 전 확인해야 합니다.,0,{},2026-07-21,0,https://sofsys.co.kr/product/detail.html?product_no=6827,https://sofsys.co.kr/product/detail.html?product_no=6827,https://sofsys.co.kr/product/detail.html?product_no=6827,https://sofsys.co.kr/product/detail.html?product_no=6827,https://sofsys.co.kr/product/detail.html?product_no=6827,confirmed,confirmed,confirmed,confirmed,confirmed
sofsys-6829-ss-basic-set,포근 슬립 베이직 침대 세트 SS/Q (프레임+매트리스),소프시스,6829,ss-basic-set,슬립베이직매트리스SS + 침대프레임SS,https://sofsys.co.kr/product/detail.html?product_no=6829,https://sofsys.co.kr/product/detail.html?product_no=6829,in_stock,282900,30000,confirmed,none,0,true,,1,3,false,110,203,39.5,SS,소나무 슬랫+분체도장 스틸 프레임; 베이직 SS 매트리스,legs_open,,,,,,,,,,,easy,false,1,,,,,,confirmed,2026-07-21 공식 판매처·공식 리뷰 경로 재검수. 베이직 매트리스 SS+심플 프레임 SS 조합을 공식 옵션에서 고정했고 공식 리뷰 0건을 확인했습니다.,2026-07-21,2026-07-21,public,codex-official-source-audit-2026-07-21,confirmed,베이직 매트리스 SS+심플 프레임 SS 조합을 공식 옵션에서 고정했고 공식 리뷰 0건을 확인했습니다.,,전자상거래법과 소비자분쟁해결기준에 따라 수령 후 7일 이내 교환·반품할 수 있으며 단순 변심 비용은 고객 부담입니다. 조립·훼손 상품은 제한될 수 있습니다.,파손·누락·불량은 사진 등 증빙과 함께 소프시스 고객센터 1644-2733으로 접수합니다.,공식 페이지에 고정 무상 보증기간이 별도로 게시되지 않아 소비자분쟁해결기준 적용 범위와 A/S 비용을 구매 전 확인해야 합니다.,0,{},2026-07-21,0,https://sofsys.co.kr/product/detail.html?product_no=6829,https://sofsys.co.kr/product/detail.html?product_no=6829,https://sofsys.co.kr/product/detail.html?product_no=6829,https://sofsys.co.kr/product/detail.html?product_no=6829,https://sofsys.co.kr/product/detail.html?product_no=6829,confirmed,confirmed,confirmed,confirmed,confirmed
englander-2640-ss-mdf-platform,잉글랜더 마네 평상형 침대 SS (매트제외),잉글랜더,2640,ss-mdf-platform,매트제외-SS,https://englander.co.kr/goods/goods_view.php?goodsNo=2640,https://englander.co.kr/goods/goods_view.php?goodsNo=2640,in_stock,179000,30000,confirmed,included,0,false,,7,15,false,120,207,80,SS,MDF,closed_base,,,,,,,,,,,not_possible,true,1,,,,,,confirmed,2026-07-21 공식 판매처·공식 리뷰 경로 재검수. 공식 SS 옵션·규격·수도권 배송비와 공식 리뷰 표본 10건을 확인했습니다.,2026-07-21,2026-07-21,public,codex-official-source-audit-2026-07-21,confirmed,공식 SS 옵션·규격·수도권 배송비와 공식 리뷰 표본 10건을 확인했습니다.,,수령 후 7일 이내 교환·반품을 신청할 수 있습니다. 설치 후 단순 변심은 반품이 제한되거나 회수·철거 비용이 부과될 수 있습니다.,배송 중 파손·오배송·제품 하자는 설치 당일 상태를 확인해 잉글랜더 고객센터로 접수하며 판매처 확인 후 교환·A/S가 진행됩니다.,제품 하자는 구입일로부터 1년간 무상 A/S 대상이며 고객 귀책과 소모품은 유상 처리될 수 있습니다.,10,{},2026-07-21,2,https://englander.co.kr/goods/goods_view.php?goodsNo=2640,https://englander.co.kr/goods/goods_view.php?goodsNo=2640,https://englander.co.kr/goods/goods_view.php?goodsNo=2640,https://englander.co.kr/goods/goods_view.php?goodsNo=2640,https://englander.co.kr/goods/goods_view.php?goodsNo=2640#reviews,confirmed,confirmed,confirmed,confirmed,confirmed
englander-3494-ss-merbau-platform,잉글랜더 피칸 멀바우 평상형 침대 SS 프레임,잉글랜더,3494,ss-merbau-platform,SS 프레임,https://englander.co.kr/goods/goods_view.php?goodsNo=3494,https://englander.co.kr/goods/goods_view.php?goodsNo=3494,in_stock,179000,30000,confirmed,included,0,false,,7,15,false,120,207,80,SS,MDF+멀바우 무늬 표면재,closed_base,,,,,,,,,,,not_possible,true,1,,,,,,confirmed,2026-07-21 공식 판매처·공식 리뷰 경로 재검수. 공식 리뷰 표본의 소음·마감·배송지연은 각각 1건으로 반복 기준 미달입니다.,2026-07-21,2026-07-21,public,codex-official-source-audit-2026-07-21,confirmed,공식 리뷰 표본의 소음·마감·배송지연은 각각 1건으로 반복 기준 미달입니다.,,수령 후 7일 이내 교환·반품을 신청할 수 있습니다. 설치 후 단순 변심은 반품이 제한되거나 회수·철거 비용이 부과될 수 있습니다.,배송 중 파손·오배송·제품 하자는 설치 당일 상태를 확인해 잉글랜더 고객센터로 접수하며 판매처 확인 후 교환·A/S가 진행됩니다.,제품 하자는 구입일로부터 1년간 무상 A/S 대상이며 고객 귀책과 소모품은 유상 처리될 수 있습니다.,10,"{""squeak"":1,""finish_poor"":1,""delivery_delay"":1}",2026-07-21,2,https://englander.co.kr/goods/goods_view.php?goodsNo=3494,https://englander.co.kr/goods/goods_view.php?goodsNo=3494,https://englander.co.kr/goods/goods_view.php?goodsNo=3494,https://englander.co.kr/goods/goods_view.php?goodsNo=3494,https://englander.co.kr/goods/goods_view.php?goodsNo=3494#reviews,confirmed,confirmed,confirmed,confirmed,confirmed
englander-5289-ss-storage-oak,잉글랜더 헤븐 LED 원목 수납 침대 SS (매트제외),잉글랜더,5289,ss-storage-oak,매트제외-SS,https://englander.co.kr/goods/goods_view.php?goodsNo=5289,https://englander.co.kr/goods/goods_view.php?goodsNo=5289,in_stock,329000,40000,confirmed,included,0,false,,7,15,false,114.5,214.5,101,SS,고무나무 노출부+MDF+PB,drawer,,true,true,내츄럴|월넛,,,,,,,not_possible,true,1,,,,,,confirmed,2026-07-21 공식 판매처·공식 리뷰 경로 재검수. 공식 SS 수납 옵션·규격·수도권 배송비와 공식 리뷰 표본 10건을 확인했습니다.,2026-07-21,2026-07-21,public,codex-official-source-audit-2026-07-21,confirmed,공식 SS 수납 옵션·규격·수도권 배송비와 공식 리뷰 표본 10건을 확인했습니다.,,수령 후 7일 이내 교환·반품을 신청할 수 있습니다. 설치 후 단순 변심은 반품이 제한되거나 회수·철거 비용이 부과될 수 있습니다.,배송 중 파손·오배송·제품 하자는 설치 당일 상태를 확인해 잉글랜더 고객센터로 접수하며 판매처 확인 후 교환·A/S가 진행됩니다.,제품 하자는 구입일로부터 1년간 무상 A/S 대상이며 고객 귀책과 소모품은 유상 처리될 수 있습니다.,10,{},2026-07-21,2,https://englander.co.kr/goods/goods_view.php?goodsNo=5289,https://englander.co.kr/goods/goods_view.php?goodsNo=5289,https://englander.co.kr/goods/goods_view.php?goodsNo=5289,https://englander.co.kr/goods/goods_view.php?goodsNo=5289,https://englander.co.kr/goods/goods_view.php?goodsNo=5289#reviews,confirmed,confirmed,confirmed,confirmed,confirmed
englander-5357-ss-storage-walnut,잉글랜더 캐슬 원목 호텔형 수납 침대 SS (매트제외),잉글랜더,5357,ss-storage-walnut,매트제외-SS,https://englander.co.kr/goods/goods_view.php?goodsNo=5357,https://englander.co.kr/goods/goods_view.php?goodsNo=5357,in_stock,349000,40000,confirmed,included,0,false,,7,15,false,115,214.5,101,SS,고무나무 노출부+MDF+PB,drawer,,true,true,월넛,,,,,,,not_possible,true,1,,,,,,confirmed,2026-07-21 공식 판매처·공식 리뷰 경로 재검수. 공식 리뷰 표본의 냄새 언급 1건은 반복 위험 기준에 미달합니다.,2026-07-21,2026-07-21,public,codex-official-source-audit-2026-07-21,confirmed,공식 리뷰 표본의 냄새 언급 1건은 반복 위험 기준에 미달합니다.,,수령 후 7일 이내 교환·반품을 신청할 수 있습니다. 설치 후 단순 변심은 반품이 제한되거나 회수·철거 비용이 부과될 수 있습니다.,배송 중 파손·오배송·제품 하자는 설치 당일 상태를 확인해 잉글랜더 고객센터로 접수하며 판매처 확인 후 교환·A/S가 진행됩니다.,제품 하자는 구입일로부터 1년간 무상 A/S 대상이며 고객 귀책과 소모품은 유상 처리될 수 있습니다.,10,"{""smell"":1}",2026-07-21,2,https://englander.co.kr/goods/goods_view.php?goodsNo=5357,https://englander.co.kr/goods/goods_view.php?goodsNo=5357,https://englander.co.kr/goods/goods_view.php?goodsNo=5357,https://englander.co.kr/goods/goods_view.php?goodsNo=5357,https://englander.co.kr/goods/goods_view.php?goodsNo=5357#reviews,confirmed,confirmed,confirmed,confirmed,confirmed
englander-5470-ss-storage-tambour,잉글랜더 앙티브 템바보드 원목 수납 침대 SS (매트제외),잉글랜더,5470,ss-storage-tambour,매트리스 제외 SS / 3단 서랍 수납+시크릿 벙커 수납,https://englander.co.kr/goods/goods_view.php?goodsNo=5470,https://englander.co.kr/goods/goods_view.php?goodsNo=5470,in_stock,309000,40000,confirmed,included,0,false,,7,15,false,114.5,214,100.5,SS,목재+MDF+PB,drawer,,true,true,월넛,,,,,,,not_possible,true,1,,,,,,confirmed,"2026-07-21 공식 판매처·공식 리뷰 경로 재검수. 필수 SS 3단 서랍+벙커 옵션을 선택한 최종가 309,000원과 공식 리뷰 표본 10건을 확인했습니다.",2026-07-21,2026-07-21,public,codex-official-source-audit-2026-07-21,confirmed,"필수 SS 3단 서랍+벙커 옵션을 선택한 최종가 309,000원과 공식 리뷰 표본 10건을 확인했습니다.",,수령 후 7일 이내 교환·반품을 신청할 수 있습니다. 설치 후 단순 변심은 반품이 제한되거나 회수·철거 비용이 부과될 수 있습니다.,배송 중 파손·오배송·제품 하자는 설치 당일 상태를 확인해 잉글랜더 고객센터로 접수하며 판매처 확인 후 교환·A/S가 진행됩니다.,제품 하자는 구입일로부터 1년간 무상 A/S 대상이며 고객 귀책과 소모품은 유상 처리될 수 있습니다.,10,"{""smell"":1,""finish_poor"":1}",2026-07-21,2,https://englander.co.kr/goods/goods_view.php?goodsNo=5470,https://englander.co.kr/goods/goods_view.php?goodsNo=5470,https://englander.co.kr/goods/goods_view.php?goodsNo=5470,https://englander.co.kr/goods/goods_view.php?goodsNo=5470,https://englander.co.kr/goods/goods_view.php?goodsNo=5470#reviews,confirmed,confirmed,confirmed,confirmed,confirmed
marketb-6675-ss-daybed-pine,마켓비 SOLIDPINE 데이베드 원목침대 슈퍼싱글 110200 소나무,마켓비,6675,ss-daybed-pine,프레임만 구매 (슈퍼싱글 110x200),https://marketb.kr/product/detail.html?product_no=6675,https://marketb.kr/product/detail.html?product_no=6675,in_stock,225000,14000,confirmed,paid,39000,false,,1,1,false,119,210,65,SS,소나무 원목,legs_open,23.5,,,소나무,,,,,,,medium,true,1,,,assembly_hard|finish_poor|manual_poor|missing_parts,,,confirmed,2026-07-21 공식 판매처·공식 리뷰 경로 재검수. 공식 VReview 10건을 전수 표본으로 확인했습니다. 조립·설명서·부품·마감 위험이 2건 이상 반복됩니다.,2026-07-21,2026-07-21,public,codex-official-source-audit-2026-07-21,confirmed,공식 VReview 10건을 전수 표본으로 확인했습니다. 조립·설명서·부품·마감 위험이 2건 이상 반복됩니다.,,수령 후 7일 이내 교환·반품할 수 있습니다. 포장 개봉·조립·사용 또는 고객 귀책 훼손 가구는 단순 변심 반품이 제한됩니다.,파손·누락·오배송은 사진 등 상태 자료를 준비해 마켓비 고객센터 031-943-8307로 접수합니다.,품질보증과 피해보상은 소비자분쟁해결기준에 따르며 고정 무상 보증기간은 상품별로 구매 전 확인해야 합니다.,10,"{""assembly_hard"":3,""manual_poor"":3,""missing_parts"":2,""finish_poor"":3,""smell"":1,""delivery_delay"":1,""drawer_awkward"":1,""wobble"":1}",2026-07-21,2,https://marketb.kr/product/detail.html?product_no=6675,https://marketb.kr/product/detail.html?product_no=6675,https://marketb.kr/product/detail.html?product_no=6675,https://marketb.kr/product/detail.html?product_no=6675,https://marketb.kr/product/detail.html?product_no=6675,confirmed,confirmed,confirmed,confirmed,confirmed
marketb-26956-ss-fabric-delta,마켓비 델타 패브릭침대 슈퍼싱글 110200,마켓비,26956,ss-fabric-delta,"프레임 (슈퍼싱글 110x200, 매트리스 별도)",https://marketb.kr/product/detail.html?product_no=26956,https://marketb.kr/product/detail.html?product_no=26956,in_stock,330000,0,confirmed,paid,40000,false,,1,1,false,118,206,99,SS,PB+MDF+패브릭,legs_open,,,,,,,,,,,medium,true,1,,,,,,confirmed,2026-07-21 공식 판매처·공식 리뷰 경로 재검수. 공식 규격·배송/설치 옵션과 공식 리뷰 1건을 확인했습니다.,2026-07-21,2026-07-21,public,codex-official-source-audit-2026-07-21,confirmed,공식 규격·배송/설치 옵션과 공식 리뷰 1건을 확인했습니다.,,수령 후 7일 이내 교환·반품할 수 있습니다. 포장 개봉·조립·사용 또는 고객 귀책 훼손 가구는 단순 변심 반품이 제한됩니다.,파손·누락·오배송은 사진 등 상태 자료를 준비해 마켓비 고객센터 031-943-8307로 접수합니다.,품질보증과 피해보상은 소비자분쟁해결기준에 따르며 고정 무상 보증기간은 상품별로 구매 전 확인해야 합니다.,1,{},2026-07-21,1,https://marketb.kr/product/detail.html?product_no=26956,https://marketb.kr/product/detail.html?product_no=26956,https://marketb.kr/product/detail.html?product_no=26956,https://marketb.kr/product/detail.html?product_no=26956,https://marketb.kr/product/detail.html?product_no=26956,confirmed,confirmed,confirmed,confirmed,confirmed
marketb-40844-ss-fabric-nersen,마켓비 네르센 조야 패브릭침대 슈퍼싱글 110200 아이보리,마켓비,40844,ss-fabric-nersen,프레임만 구매 (슈퍼싱글 110x200),https://marketb.kr/product/detail.html?product_no=40844,https://marketb.kr/product/detail.html?product_no=40844,in_stock,339000,33000,confirmed,paid,29000,false,,1,1,false,121.5,222,106.5,SS,소나무+합판+스틸+패브릭,legs_open,,,true,아이보리,,,,,,,easy,true,1,,,,,,confirmed,2026-07-21 공식 판매처·공식 리뷰 경로 재검수. 공식 규격·배송/설치 옵션과 공식 리뷰 0건을 확인했습니다.,2026-07-21,2026-07-21,public,codex-official-source-audit-2026-07-21,confirmed,공식 규격·배송/설치 옵션과 공식 리뷰 0건을 확인했습니다.,,수령 후 7일 이내 교환·반품할 수 있습니다. 포장 개봉·조립·사용 또는 고객 귀책 훼손 가구는 단순 변심 반품이 제한됩니다.,파손·누락·오배송은 사진 등 상태 자료를 준비해 마켓비 고객센터 031-943-8307로 접수합니다.,품질보증과 피해보상은 소비자분쟁해결기준에 따르며 고정 무상 보증기간은 상품별로 구매 전 확인해야 합니다.,0,{},2026-07-21,0,https://marketb.kr/product/detail.html?product_no=40844,https://marketb.kr/product/detail.html?product_no=40844,https://marketb.kr/product/detail.html?product_no=40844,https://marketb.kr/product/detail.html?product_no=40844,https://marketb.kr/product/detail.html?product_no=40844,confirmed,confirmed,confirmed,confirmed,confirmed
marketb-39151-ss-drawer-ondor,마켓비 ONDOR 흙침대 서랍형 슈퍼싱글 110200 내추럴,마켓비,39151,ss-drawer-ondor,보료 황토숯볼 (슈퍼싱글 110x200),https://marketb.kr/product/detail.html?product_no=39151,https://marketb.kr/product/detail.html?product_no=39151,in_stock,1090000,100000,confirmed,included,0,true,,1,3,true,112,217,101,SS,고무나무+MDF+LED·USB 헤드; 황토 보드+기능성 패브릭,drawer,,true,,내추럴,,,,,,,not_possible,true,1,,,,,,confirmed,2026-07-21 공식 판매처·공식 리뷰 경로 재검수. 공식 규격·설치배송·황토 보드 포함 SS 옵션과 공식 리뷰 0건을 확인했습니다.,2026-07-21,2026-07-21,public,codex-official-source-audit-2026-07-21,confirmed,공식 규격·설치배송·황토 보드 포함 SS 옵션과 공식 리뷰 0건을 확인했습니다.,,수령 후 7일 이내 교환·반품할 수 있습니다. 포장 개봉·조립·사용 또는 고객 귀책 훼손 가구는 단순 변심 반품이 제한됩니다.,파손·누락·오배송은 사진 등 상태 자료를 준비해 마켓비 고객센터 031-943-8307로 접수합니다.,품질보증과 피해보상은 소비자분쟁해결기준에 따르며 고정 무상 보증기간은 상품별로 구매 전 확인해야 합니다.,0,{},2026-07-21,0,https://marketb.kr/product/detail.html?product_no=39151,https://marketb.kr/product/detail.html?product_no=39151,https://marketb.kr/product/detail.html?product_no=39151,https://marketb.kr/product/detail.html?product_no=39151,https://marketb.kr/product/detail.html?product_no=39151,confirmed,confirmed,confirmed,confirmed,confirmed
